{
  "camera_matrix": [
    [
      7557.040782308784,
      0.0,
      166.9872515660346
    ],
    [
      0.0,
      7640.093795114317,
      298.85058193488754
    ],
    [
      0.0,
      0.0,
      1.0
    ]
  ],
  "dist_coeffs": [
    -1.7393895516162554,
    -1807.3779076695819,
    -0.050199120911295615,
    -0.06052410893374937,
    -2.0872185350737995
  ],
  "reprojection_error": 0.014115779607920183,
  "roi": [
    732,
    368,
    334,
    611
  ],
  "image_size": [
    334,
    611
  ],
  "chessboard": {
    "squares_cols": 12,
    "squares_rows": 9,
    "inner_cols": 11,
    "inner_rows": 8,
    "square_size_mm": 6.0
  }
}